[{"model": "contenttypes.contenttype", "pk": 1, "fields": {"app_label": "admin", "model": "logentry"}}, {"model": "contenttypes.contenttype", "pk": 2, "fields": {"app_label": "auth", "model": "permission"}}, {"model": "contenttypes.contenttype", "pk": 3, "fields": {"app_label": "auth", "model": "group"}}, {"model": "contenttypes.contenttype", "pk": 4, "fields": {"app_label": "auth", "model": "user"}}, {"model": "contenttypes.contenttype", "pk": 5, "fields": {"app_label": "contenttypes", "model": "contenttype"}}, {"model": "contenttypes.contenttype", "pk": 6, "fields": {"app_label": "sessions", "model": "session"}}, {"model": "contenttypes.contenttype", "pk": 7, "fields": {"app_label": "time_sheet", "model": "duty"}}, {"model": "contenttypes.contenttype", "pk": 8, "fields": {"app_label": "time_sheet", "model": "member"}}, {"model": "contenttypes.contenttype", "pk": 9, "fields": {"app_label": "time_sheet", "model": "car"}}, {"model": "contenttypes.contenttype", "pk": 10, "fields": {"app_label": "accounts", "model": "user"}}, {"model": "sessions.session", "pk": "19kej5flk2nsfjdy10tzhufzjktevc8e", "fields": {"session_data": "ZDk1NDk5Nzk3YzM4NDJjMjVjYWNmOTZjYzk5MGE4Y2VlOGMzMjkyYzp7Il9hdXRoX3VzZXJfaWQiOiIyIiwiX2F1dGhfdXNlcl9iYWNrZW5kIjoiZGphbmdvLmNvbnRyaWIuYXV0aC5iYWNrZW5kcy5Nb2RlbEJhY2tlbmQiLCJfYXV0aF91c2VyX2hhc2giOiI2ZjI4NTYwY2UwZjE4NzM1MjFlODgyNDNkODVlYmVmMDk0ZDQ5MjliIn0=", "expire_date": "2020-07-16T08:21:13.314Z"}}, {"model": "sessions.session", "pk": "6tataqgm8556gorpczfkzi7kxyqaq204", "fields": {"session_data": "ZDUzMDg3YjZhYWVlMDE5NTBmODBkZTUyYjQzOGUwY2I1NzM5ZThiMzp7fQ==", "expire_date": "2020-07-15T14:55:59.138Z"}}, {"model": "sessions.session", "pk": "93kbyjyak1t2nqowdzk0wcb58x1l7fkr", "fields": {"session_data": "ZDUzMDg3YjZhYWVlMDE5NTBmODBkZTUyYjQzOGUwY2I1NzM5ZThiMzp7fQ==", "expire_date": "2020-07-15T14:56:22.000Z"}}, {"model": "sessions.session", "pk": "l5oatckgc1xx42muzu8xsyogz3fanqvo", "fields": {"session_data": "OWU0Yjk5OWMyMDY2NWM3ZWNhNjgxNzNmZjBkY2JiNWY0YWU0N2VkNTp7Il9hdXRoX3VzZXJfaWQiOiIxIiwiX2F1dGhfdXNlcl9iYWNrZW5kIjoiZGphbmdvLmNvbnRyaWIuYXV0aC5iYWNrZW5kcy5Nb2RlbEJhY2tlbmQiLCJfYXV0aF91c2VyX2hhc2giOiJkYzUxMjFlYzMzNDQwOTRiMTBmYzMzMzgwODk3YWY0ZDBmN2Q4YzUxIn0=", "expire_date": "2020-07-16T14:47:56.232Z"}}, {"model": "sessions.session", "pk": "yapzo0u9ijewz5w4hnaxmjicbpqwhfjn", "fields": {"session_data": "ZDUzMDg3YjZhYWVlMDE5NTBmODBkZTUyYjQzOGUwY2I1NzM5ZThiMzp7fQ==", "expire_date": "2020-07-15T14:56:47.274Z"}}, {"model": "sessions.session", "pk": "ybppfxo761zhkxwogtsj02yhia4gix0w", "fields": {"session_data": "OWU0Yjk5OWMyMDY2NWM3ZWNhNjgxNzNmZjBkY2JiNWY0YWU0N2VkNTp7Il9hdXRoX3VzZXJfaWQiOiIxIiwiX2F1dGhfdXNlcl9iYWNrZW5kIjoiZGphbmdvLmNvbnRyaWIuYXV0aC5iYWNrZW5kcy5Nb2RlbEJhY2tlbmQiLCJfYXV0aF91c2VyX2hhc2giOiJkYzUxMjFlYzMzNDQwOTRiMTBmYzMzMzgwODk3YWY0ZDBmN2Q4YzUxIn0=", "expire_date": "2020-07-15T14:06:10.624Z"}}, {"model": "sessions.session", "pk": "yr5l4zogyaot0ic165gq8dm98x4aicgu", "fields": {"session_data": "ZDUzMDg3YjZhYWVlMDE5NTBmODBkZTUyYjQzOGUwY2I1NzM5ZThiMzp7fQ==", "expire_date": "2020-07-15T13:41:37.089Z"}}, {"model": "time_sheet.member", "pk": 5, "fields": {"last_name": "Udvari", "first_name": "Szabolcs", "id_number": "P00461590", "pmpsz_number": "249", "young": false, "dog": true, "motor": false, "reg_date": "2010-06-28T09:22:27Z", "active": true}}, {"model": "time_sheet.member", "pk": 6, "fields": {"last_name": "Szab\u00f3", "first_name": "Bal\u00e1zs", "id_number": "P00663187", "pmpsz_number": "290", "young": false, "dog": true, "motor": false, "reg_date": "2020-06-29T17:30:33.782Z", "active": true}}, {"model": "time_sheet.member", "pk": 7, "fields": {"last_name": "Kondr\u00e1cs", "first_name": "J\u00e1nos", "id_number": "P00322834", "pmpsz_number": "1235", "young": false, "dog": false, "motor": false, "reg_date": "2020-06-29T17:30:56.919Z", "active": true}}, {"model": "time_sheet.member", "pk": 8, "fields": {"last_name": "Gy\u00f6rgy", "first_name": "Nikolett", "id_number": "P00663179", "pmpsz_number": "1025", "young": false, "dog": true, "motor": false, "reg_date": "2020-06-29T17:31:16Z", "active": true}}, {"model": "time_sheet.member", "pk": 9, "fields": {"last_name": "Kondr\u00e1cs", "first_name": "\u00c9va", "id_number": null, "pmpsz_number": null, "young": false, "dog": false, "motor": false, "reg_date": "2020-06-29T17:31:29.154Z", "active": true}}, {"model": "time_sheet.member", "pk": 10, "fields": {"last_name": "Nagy", "first_name": "Gyula", "id_number": "P00322867", "pmpsz_number": "198", "young": false, "dog": false, "motor": false, "reg_date": "2020-06-29T17:31:50.314Z", "active": true}}, {"model": "time_sheet.member", "pk": 11, "fields": {"last_name": "Osv\u00e1th", "first_name": "Zsolt", "id_number": "P00452607", "pmpsz_number": "1161", "young": false, "dog": false, "motor": false, "reg_date": "2020-06-29T17:32:28.610Z", "active": true}}, {"model": "time_sheet.member", "pk": 12, "fields": {"last_name": "P\u00e1llai", "first_name": "Tam\u00e1s", "id_number": null, "pmpsz_number": null, "young": false, "dog": false, "motor": false, "reg_date": "2020-06-29T17:32:38.709Z", "active": true}}, {"model": "time_sheet.member", "pk": 13, "fields": {"last_name": "Popovics", "first_name": "L\u0151rinc", "id_number": "P00502534", "pmpsz_number": "1236", "young": false, "dog": false, "motor": false, "reg_date": "2020-06-29T17:33:02.375Z", "active": true}}, {"model": "time_sheet.member", "pk": 14, "fields": {"last_name": "Ruzsenszki", "first_name": "Ferenc", "id_number": null, "pmpsz_number": null, "young": false, "dog": false, "motor": false, "reg_date": "2020-06-29T17:33:17.150Z", "active": true}}, {"model": "time_sheet.member", "pk": 15, "fields": {"last_name": "Ruzsenszki", "first_name": "P\u00e9ter", "id_number": null, "pmpsz_number": null, "young": false, "dog": false, "motor": false, "reg_date": "2020-06-29T17:33:25.358Z", "active": true}}, {"model": "time_sheet.member", "pk": 16, "fields": {"last_name": "Varga", "first_name": "Zsolt", "id_number": null, "pmpsz_number": "918", "young": false, "dog": false, "motor": false, "reg_date": "2020-06-29T17:33:38.832Z", "active": true}}, {"model": "time_sheet.member", "pk": 17, "fields": {"last_name": "B\u00e1nfi", "first_name": "R\u00f3bert", "id_number": "P007277743", "pmpsz_number": "1650", "young": false, "dog": false, "motor": false, "reg_date": "2020-06-29T17:34:01.146Z", "active": true}}, {"model": "time_sheet.member", "pk": 18, "fields": {"last_name": "P\u00e1llai", "first_name": "Bence", "id_number": "IF00023895", "pmpsz_number": "1651", "young": true, "dog": false, "motor": false, "reg_date": "2020-06-29T17:34:19.960Z", "active": true}}, {"model": "time_sheet.member", "pk": 19, "fields": {"last_name": "Horv\u00e1th", "first_name": "Zsolt", "id_number": null, "pmpsz_number": null, "young": false, "dog": false, "motor": false, "reg_date": "2020-06-29T17:34:31.647Z", "active": true}}, {"model": "time_sheet.member", "pk": 20, "fields": {"last_name": "Eff", "first_name": "S\u00e1ndor", "id_number": null, "pmpsz_number": null, "young": false, "dog": false, "motor": false, "reg_date": "2020-06-29T17:34:38.520Z", "active": true}}, {"model": "time_sheet.member", "pk": 21, "fields": {"last_name": "K\u00e1sler", "first_name": "J\u00f3zsef", "id_number": null, "pmpsz_number": null, "young": false, "dog": true, "motor": false, "reg_date": "2020-06-29T17:34:55.059Z", "active": true}}, {"model": "time_sheet.member", "pk": 22, "fields": {"last_name": "Udvari-S\u00e1r\u00e1nszky", "first_name": "Eszter", "id_number": null, "pmpsz_number": "2318", "young": false, "dog": false, "motor": false, "reg_date": "2020-06-29T17:35:09.931Z", "active": true}}, {"model": "time_sheet.duty", "pk": 4, "fields": {"member": 6, "duty_type": "O", "date": "2020-06-01", "hours": 3, "commander": true, "kms": 64, "plate": 2, "help": 0, "retention": false, "caught": false, "missing": false, "signal": false, "other": false}}, {"model": "time_sheet.duty", "pk": 5, "fields": {"member": 11, "duty_type": "O", "date": "2020-06-01", "hours": 3, "commander": false, "kms": 0, "plate": null, "help": 0, "retention": false, "caught": false, "missing": false, "signal": false, "other": false}}, {"model": "time_sheet.duty", "pk": 6, "fields": {"member": 5, "duty_type": "E", "date": "2020-06-02", "hours": 3, "commander": true, "kms": 20, "plate": 1, "help": 1, "retention": false, "caught": false, "missing": false, "signal": false, "other": false}}, {"model": "time_sheet.duty", "pk": 7, "fields": {"member": 6, "duty_type": "E", "date": "2020-06-02", "hours": 3, "commander": true, "kms": 46, "plate": 2, "help": 0, "retention": false, "caught": false, "missing": false, "signal": false, "other": false}}, {"model": "time_sheet.duty", "pk": 8, "fields": {"member": 5, "duty_type": "E", "date": "2020-06-03", "hours": 3, "commander": true, "kms": 20, "plate": 1, "help": 1, "retention": false, "caught": false, "missing": false, "signal": false, "other": false}}, {"model": "time_sheet.duty", "pk": 9, "fields": {"member": 6, "duty_type": "O", "date": "2020-06-03", "hours": 3, "commander": true, "kms": 40, "plate": 2, "help": 0, "retention": false, "caught": false, "missing": false, "signal": false, "other": false}}, {"model": "time_sheet.duty", "pk": 10, "fields": {"member": 5, "duty_type": "R", "date": "2020-06-04", "hours": 9, "commander": true, "kms": 32, "plate": 1, "help": 0, "retention": false, "caught": false, "missing": false, "signal": false, "other": false}}, {"model": "time_sheet.duty", "pk": 11, "fields": {"member": 6, "duty_type": "E", "date": "2020-06-04", "hours": 3, "commander": true, "kms": 54, "plate": 2, "help": 1, "retention": false, "caught": false, "missing": false, "signal": false, "other": false}}, {"model": "time_sheet.duty", "pk": 12, "fields": {"member": 5, "duty_type": "Re", "date": "2020-06-04", "hours": 3, "commander": false, "kms": 0, "plate": null, "help": 0, "retention": false, "caught": false, "missing": false, "signal": false, "other": false}}, {"model": "time_sheet.duty", "pk": 13, "fields": {"member": 6, "duty_type": "Re", "date": "2020-06-04", "hours": 3, "commander": false, "kms": 0, "plate": null, "help": 0, "retention": false, "caught": false, "missing": false, "signal": false, "other": false}}, {"model": "time_sheet.duty", "pk": 14, "fields": {"member": 5, "duty_type": "E", "date": "2020-06-05", "hours": 6, "commander": true, "kms": 29, "plate": 1, "help": 1, "retention": false, "caught": false, "missing": false, "signal": false, "other": false}}, {"model": "time_sheet.duty", "pk": 15, "fields": {"member": 6, "duty_type": "E", "date": "2020-06-05", "hours": 6, "commander": false, "kms": 62, "plate": 2, "help": 0, "retention": false, "caught": false, "missing": false, "signal": false, "other": false}}, {"model": "time_sheet.duty", "pk": 16, "fields": {"member": 8, "duty_type": "K", "date": "2020-06-07", "hours": 2, "commander": false, "kms": 0, "plate": null, "help": 0, "retention": false, "caught": false, "missing": false, "signal": false, "other": false}}, {"model": "time_sheet.duty", "pk": 17, "fields": {"member": 6, "duty_type": "K", "date": "2020-06-07", "hours": 2, "commander": false, "kms": 0, "plate": null, "help": 0, "retention": false, "caught": false, "missing": false, "signal": false, "other": false}}, {"model": "time_sheet.duty", "pk": 18, "fields": {"member": 20, "duty_type": "K", "date": "2020-06-07", "hours": 1, "commander": false, "kms": 0, "plate": null, "help": 0, "retention": false, "caught": false, "missing": false, "signal": false, "other": false}}, {"model": "time_sheet.duty", "pk": 19, "fields": {"member": 21, "duty_type": "K", "date": "2020-06-07", "hours": 1, "commander": false, "kms": 0, "plate": null, "help": 0, "retention": false, "caught": false, "missing": false, "signal": false, "other": false}}, {"model": "time_sheet.duty", "pk": 20, "fields": {"member": 5, "duty_type": "E", "date": "2020-06-08", "hours": 3, "commander": true, "kms": 26, "plate": 1, "help": 1, "retention": false, "caught": false, "missing": false, "signal": false, "other": false}}, {"model": "time_sheet.duty", "pk": 21, "fields": {"member": 6, "duty_type": "E", "date": "2020-06-08", "hours": 3, "commander": true, "kms": 50, "plate": 2, "help": 0, "retention": false, "caught": false, "missing": false, "signal": false, "other": false}}, {"model": "time_sheet.duty", "pk": 22, "fields": {"member": 22, "duty_type": "E", "date": "2020-06-10", "hours": 3, "commander": true, "kms": 20, "plate": 3, "help": 0, "retention": false, "caught": false, "missing": false, "signal": false, "other": false}}, {"model": "time_sheet.duty", "pk": 23, "fields": {"member": 5, "duty_type": "O", "date": "2020-06-09", "hours": 1, "commander": true, "kms": 2, "plate": 1, "help": 1, "retention": false, "caught": false, "missing": false, "signal": false, "other": false}}, {"model": "time_sheet.duty", "pk": 24, "fields": {"member": 5, "duty_type": "E", "date": "2020-06-09", "hours": 3, "commander": true, "kms": 20, "plate": 1, "help": 1, "retention": false, "caught": false, "missing": false, "signal": false, "other": false}}, {"model": "time_sheet.duty", "pk": 25, "fields": {"member": 6, "duty_type": "O", "date": "2020-06-09", "hours": 1, "commander": false, "kms": 0, "plate": null, "help": 0, "retention": false, "caught": false, "missing": false, "signal": false, "other": false}}, {"model": "time_sheet.duty", "pk": 26, "fields": {"member": 6, "duty_type": "E", "date": "2020-06-09", "hours": 3, "commander": true, "kms": 51, "plate": 2, "help": 0, "retention": false, "caught": false, "missing": false, "signal": false, "other": false}}, {"model": "time_sheet.duty", "pk": 27, "fields": {"member": 6, "duty_type": "E", "date": "2020-06-10", "hours": 3, "commander": true, "kms": 51, "plate": 2, "help": 1, "retention": false, "caught": false, "missing": false, "signal": false, "other": false}}, {"model": "time_sheet.duty", "pk": 28, "fields": {"member": 5, "duty_type": "E", "date": "2020-06-11", "hours": 3, "commander": true, "kms": 19, "plate": 1, "help": 1, "retention": false, "caught": false, "missing": false, "signal": false, "other": false}}, {"model": "time_sheet.duty", "pk": 29, "fields": {"member": 6, "duty_type": "E", "date": "2020-06-11", "hours": 3, "commander": true, "kms": 51, "plate": 2, "help": 0, "retention": false, "caught": false, "missing": false, "signal": false, "other": false}}, {"model": "time_sheet.duty", "pk": 30, "fields": {"member": 5, "duty_type": "O", "date": "2020-06-12", "hours": 7, "commander": true, "kms": 147, "plate": 1, "help": 0, "retention": false, "caught": false, "missing": false, "signal": false, "other": false}}, {"model": "time_sheet.duty", "pk": 31, "fields": {"member": 5, "duty_type": "E", "date": "2020-06-12", "hours": 3, "commander": true, "kms": 32, "plate": 1, "help": 1, "retention": false, "caught": false, "missing": false, "signal": false, "other": false}}, {"model": "time_sheet.duty", "pk": 32, "fields": {"member": 6, "duty_type": "O", "date": "2020-06-12", "hours": 7, "commander": false, "kms": 0, "plate": null, "help": 0, "retention": false, "caught": false, "missing": false, "signal": false, "other": false}}, {"model": "time_sheet.duty", "pk": 33, "fields": {"member": 6, "duty_type": "E", "date": "2020-06-12", "hours": 3, "commander": false, "kms": 0, "plate": null, "help": 0, "retention": false, "caught": false, "missing": false, "signal": false, "other": false}}, {"model": "time_sheet.duty", "pk": 34, "fields": {"member": 22, "duty_type": "E", "date": "2020-06-12", "hours": 3, "commander": true, "kms": 19, "plate": 3, "help": 0, "retention": false, "caught": false, "missing": false, "signal": false, "other": false}}, {"model": "time_sheet.duty", "pk": 35, "fields": {"member": 17, "duty_type": "O", "date": "2020-06-13", "hours": 6, "commander": false, "kms": 0, "plate": null, "help": 0, "retention": false, "caught": false, "missing": false, "signal": false, "other": false}}, {"model": "time_sheet.duty", "pk": 36, "fields": {"member": 6, "duty_type": "K", "date": "2020-06-14", "hours": 2, "commander": false, "kms": 0, "plate": null, "help": 0, "retention": false, "caught": false, "missing": false, "signal": false, "other": false}}, {"model": "time_sheet.duty", "pk": 37, "fields": {"member": 8, "duty_type": "K", "date": "2020-06-14", "hours": 2, "commander": false, "kms": 0, "plate": null, "help": 0, "retention": false, "caught": false, "missing": false, "signal": false, "other": false}}, {"model": "time_sheet.duty", "pk": 38, "fields": {"member": 20, "duty_type": "K", "date": "2020-06-14", "hours": 1, "commander": false, "kms": 0, "plate": null, "help": 0, "retention": false, "caught": false, "missing": false, "signal": false, "other": false}}, {"model": "time_sheet.duty", "pk": 39, "fields": {"member": 6, "duty_type": "E", "date": "2020-06-15", "hours": 3, "commander": true, "kms": 51, "plate": 2, "help": 1, "retention": false, "caught": false, "missing": false, "signal": false, "other": false}}, {"model": "time_sheet.duty", "pk": 40, "fields": {"member": 6, "duty_type": "K", "date": "2020-06-20", "hours": 2, "commander": false, "kms": 0, "plate": null, "help": 0, "retention": false, "caught": false, "missing": false, "signal": false, "other": false}}, {"model": "time_sheet.duty", "pk": 41, "fields": {"member": 8, "duty_type": "K", "date": "2020-06-20", "hours": 2, "commander": false, "kms": 0, "plate": null, "help": 0, "retention": false, "caught": false, "missing": false, "signal": false, "other": false}}, {"model": "time_sheet.duty", "pk": 42, "fields": {"member": 20, "duty_type": "K", "date": "2020-06-20", "hours": 1, "commander": false, "kms": 0, "plate": null, "help": 0, "retention": false, "caught": false, "missing": false, "signal": false, "other": false}}, {"model": "time_sheet.duty", "pk": 43, "fields": {"member": 21, "duty_type": "K", "date": "2020-06-20", "hours": 1, "commander": false, "kms": 0, "plate": null, "help": 0, "retention": false, "caught": false, "missing": false, "signal": false, "other": false}}, {"model": "time_sheet.duty", "pk": 44, "fields": {"member": 5, "duty_type": "K", "date": "2020-06-23", "hours": 5, "commander": true, "kms": 64, "plate": 1, "help": 0, "retention": false, "caught": false, "missing": false, "signal": false, "other": false}}, {"model": "time_sheet.duty", "pk": 45, "fields": {"member": 6, "duty_type": "K", "date": "2020-06-23", "hours": 5, "commander": true, "kms": 0, "plate": 2, "help": 0, "retention": false, "caught": false, "missing": false, "signal": false, "other": false}}, {"model": "time_sheet.duty", "pk": 46, "fields": {"member": 8, "duty_type": "K", "date": "2020-06-23", "hours": 5, "commander": false, "kms": 0, "plate": null, "help": 0, "retention": false, "caught": false, "missing": false, "signal": false, "other": false}}, {"model": "time_sheet.duty", "pk": 47, "fields": {"member": 19, "duty_type": "K", "date": "2020-06-23", "hours": 5, "commander": false, "kms": 0, "plate": null, "help": 0, "retention": false, "caught": false, "missing": false, "signal": false, "other": false}}, {"model": "time_sheet.duty", "pk": 48, "fields": {"member": 20, "duty_type": "K", "date": "2020-06-23", "hours": 5, "commander": false, "kms": 0, "plate": null, "help": 0, "retention": false, "caught": false, "missing": false, "signal": false, "other": false}}, {"model": "time_sheet.duty", "pk": 49, "fields": {"member": 6, "duty_type": "E", "date": "2020-06-26", "hours": 6, "commander": true, "kms": 0, "plate": 2, "help": 1, "retention": false, "caught": false, "missing": false, "signal": false, "other": false}}, {"model": "time_sheet.duty", "pk": 50, "fields": {"member": 16, "duty_type": "R", "date": "2020-06-27", "hours": 5, "commander": false, "kms": 0, "plate": null, "help": 0, "retention": false, "caught": false, "missing": false, "signal": false, "other": false}}, {"model": "time_sheet.duty", "pk": 51, "fields": {"member": 6, "duty_type": "K", "date": "2020-06-27", "hours": 2, "commander": false, "kms": 0, "plate": null, "help": 0, "retention": false, "caught": false, "missing": false, "signal": false, "other": false}}, {"model": "time_sheet.duty", "pk": 52, "fields": {"member": 8, "duty_type": "K", "date": "2020-06-27", "hours": 2, "commander": false, "kms": 0, "plate": null, "help": 0, "retention": false, "caught": false, "missing": false, "signal": false, "other": false}}, {"model": "time_sheet.duty", "pk": 53, "fields": {"member": 20, "duty_type": "K", "date": "2020-06-27", "hours": 1, "commander": false, "kms": 0, "plate": null, "help": 0, "retention": false, "caught": false, "missing": false, "signal": false, "other": false}}, {"model": "time_sheet.duty", "pk": 54, "fields": {"member": 21, "duty_type": "K", "date": "2020-06-27", "hours": 1, "commander": false, "kms": 0, "plate": null, "help": 0, "retention": false, "caught": false, "missing": false, "signal": false, "other": false}}, {"model": "time_sheet.car", "pk": 1, "fields": {"car_type": "Skoda Fabia", "car_plate": "MFE475", "fuel_type": "B", "ccm": 1197, "owner": "Hegy\u0151rs\u00e9g T\u00f6r\u00f6kb\u00e1lint Polg\u00e1r\u0151r Egyes\u00fclet", "color": "feh\u00e9r", "stripped": true}}, {"model": "time_sheet.car", "pk": 2, "fields": {"car_type": "Citroen Berlingo", "car_plate": "LAF201", "fuel_type": "D", "ccm": 1997, "owner": "T\u00f6r\u00f6kb\u00e1linti Kutyaiskola Sport Egyes\u00fclet", "color": "feh\u00e9r", "stripped": true}}, {"model": "time_sheet.car", "pk": 3, "fields": {"car_type": "Suzuki Ignis", "car_plate": "JFK154", "fuel_type": "B", "ccm": 1328, "owner": "S\u00e1r\u00e1nszky Eszter", "color": "k\u00e9k", "stripped": false}}, {"model": "auth.permission", "pk": 1, "fields": {"name": "Can add log entry", "content_type": 1, "codename": "add_logentry"}}, {"model": "auth.permission", "pk": 2, "fields": {"name": "Can change log entry", "content_type": 1, "codename": "change_logentry"}}, {"model": "auth.permission", "pk": 3, "fields": {"name": "Can delete log entry", "content_type": 1, "codename": "delete_logentry"}}, {"model": "auth.permission", "pk": 4, "fields": {"name": "Can view log entry", "content_type": 1, "codename": "view_logentry"}}, {"model": "auth.permission", "pk": 5, "fields": {"name": "Can add permission", "content_type": 2, "codename": "add_permission"}}, {"model": "auth.permission", "pk": 6, "fields": {"name": "Can change permission", "content_type": 2, "codename": "change_permission"}}, {"model": "auth.permission", "pk": 7, "fields": {"name": "Can delete permission", "content_type": 2, "codename": "delete_permission"}}, {"model": "auth.permission", "pk": 8, "fields": {"name": "Can view permission", "content_type": 2, "codename": "view_permission"}}, {"model": "auth.permission", "pk": 9, "fields": {"name": "Can add group", "content_type": 3, "codename": "add_group"}}, {"model": "auth.permission", "pk": 10, "fields": {"name": "Can change group", "content_type": 3, "codename": "change_group"}}, {"model": "auth.permission", "pk": 11, "fields": {"name": "Can delete group", "content_type": 3, "codename": "delete_group"}}, {"model": "auth.permission", "pk": 12, "fields": {"name": "Can view group", "content_type": 3, "codename": "view_group"}}, {"model": "auth.permission", "pk": 13, "fields": {"name": "Can add user", "content_type": 4, "codename": "add_user"}}, {"model": "auth.permission", "pk": 14, "fields": {"name": "Can change user", "content_type": 4, "codename": "change_user"}}, {"model": "auth.permission", "pk": 15, "fields": {"name": "Can delete user", "content_type": 4, "codename": "delete_user"}}, {"model": "auth.permission", "pk": 16, "fields": {"name": "Can view user", "content_type": 4, "codename": "view_user"}}, {"model": "auth.permission", "pk": 17, "fields": {"name": "Can add content type", "content_type": 5, "codename": "add_contenttype"}}, {"model": "auth.permission", "pk": 18, "fields": {"name": "Can change content type", "content_type": 5, "codename": "change_contenttype"}}, {"model": "auth.permission", "pk": 19, "fields": {"name": "Can delete content type", "content_type": 5, "codename": "delete_contenttype"}}, {"model": "auth.permission", "pk": 20, "fields": {"name": "Can view content type", "content_type": 5, "codename": "view_contenttype"}}, {"model": "auth.permission", "pk": 21, "fields": {"name": "Can add session", "content_type": 6, "codename": "add_session"}}, {"model": "auth.permission", "pk": 22, "fields": {"name": "Can change session", "content_type": 6, "codename": "change_session"}}, {"model": "auth.permission", "pk": 23, "fields": {"name": "Can delete session", "content_type": 6, "codename": "delete_session"}}, {"model": "auth.permission", "pk": 24, "fields": {"name": "Can view session", "content_type": 6, "codename": "view_session"}}, {"model": "auth.permission", "pk": 25, "fields": {"name": "Can add duty", "content_type": 7, "codename": "add_duty"}}, {"model": "auth.permission", "pk": 26, "fields": {"name": "Can change duty", "content_type": 7, "codename": "change_duty"}}, {"model": "auth.permission", "pk": 27, "fields": {"name": "Can delete duty", "content_type": 7, "codename": "delete_duty"}}, {"model": "auth.permission", "pk": 28, "fields": {"name": "Can view duty", "content_type": 7, "codename": "view_duty"}}, {"model": "auth.permission", "pk": 29, "fields": {"name": "Can add member", "content_type": 8, "codename": "add_member"}}, {"model": "auth.permission", "pk": 30, "fields": {"name": "Can change member", "content_type": 8, "codename": "change_member"}}, {"model": "auth.permission", "pk": 31, "fields": {"name": "Can delete member", "content_type": 8, "codename": "delete_member"}}, {"model": "auth.permission", "pk": 32, "fields": {"name": "Can view member", "content_type": 8, "codename": "view_member"}}, {"model": "auth.permission", "pk": 33, "fields": {"name": "Can add car", "content_type": 9, "codename": "add_car"}}, {"model": "auth.permission", "pk": 34, "fields": {"name": "Can change car", "content_type": 9, "codename": "change_car"}}, {"model": "auth.permission", "pk": 35, "fields": {"name": "Can delete car", "content_type": 9, "codename": "delete_car"}}, {"model": "auth.permission", "pk": 36, "fields": {"name": "Can view car", "content_type": 9, "codename": "view_car"}}, {"model": "auth.permission", "pk": 37, "fields": {"name": "Can add user", "content_type": 10, "codename": "add_user"}}, {"model": "auth.permission", "pk": 38, "fields": {"name": "Can change user", "content_type": 10, "codename": "change_user"}}, {"model": "auth.permission", "pk": 39, "fields": {"name": "Can delete user", "content_type": 10, "codename": "delete_user"}}, {"model": "auth.permission", "pk": 40, "fields": {"name": "Can view user", "content_type": 10, "codename": "view_user"}}, {"model": "auth.user", "pk": 1, "fields": {"password": "pbkdf2_sha256$180000$ezVNnBXTBfam$J43/HGZt+KFnWTJFxukLzICdgGHpUi+RcZOZqZAwTwk=", "last_login": "2020-07-02T14:47:56.176Z", "is_superuser": true, "username": "szudvari", "first_name": "", "last_name": "", "email": "szudvari@gmail.com", "is_staff": true, "is_active": true, "date_joined": "2020-06-27T15:23:27.436Z", "groups": [], "user_permissions": []}}, {"model": "auth.user", "pk": 2, "fields": {"password": "pbkdf2_sha256$180000$sOpwczoLpjDU$CLH3HzrXCOHm39qZdym2VhPHJ9Xsg0y1JO8OlcGcDm0=", "last_login": "2020-07-02T08:21:13.303Z", "is_superuser": true, "username": "zadayannyv", "first_name": "", "last_name": "", "email": "info@webariel.hu", "is_staff": true, "is_active": true, "date_joined": "2020-06-28T12:10:13Z", "groups": [], "user_permissions": [1, 2, 3, 4, 9, 10, 11, 12, 5, 6, 7, 8, 13, 14, 15, 16, 17, 18, 19, 20, 21, 22, 23, 24, 33, 34, 35, 36, 25, 26, 27, 28, 29, 30, 31, 32]}}, {"model": "auth.user", "pk": 3, "fields": {"password": "pbkdf2_sha256$180000$UHB58pO7deMH$eXS6nCn8BHarKHkivWIO5JorMQzCN5vNE6RXjiN2Te4=", "last_login": "2020-07-01T19:16:23.944Z", "is_superuser": false, "username": "webariel", "first_name": "", "last_name": "", "email": "", "is_staff": false, "is_active": true, "date_joined": "2020-07-01T15:15:58.312Z", "groups": [], "user_permissions": []}}, {"model": "admin.logentry", "pk": 1, "fields": {"action_time": "2020-06-27T16:35:44.053Z", "user": 1, "content_type": 7, "object_id": "1", "object_repr": "2020-06-03 - Udvari Szabolcs", "action_flag": 3, "change_message": ""}}, {"model": "admin.logentry", "pk": 2, "fields": {"action_time": "2020-06-27T16:36:00.024Z", "user": 1, "content_type": 8, "object_id": "1", "object_repr": "Udvari Szabolcs", "action_flag": 3, "change_message": ""}}, {"model": "admin.logentry", "pk": 3, "fields": {"action_time": "2020-06-27T16:46:58.584Z", "user": 1, "content_type": 8, "object_id": "2", "object_repr": "Udvari Szabolcs", "action_flag": 3, "change_message": ""}}, {"model": "admin.logentry", "pk": 4, "fields": {"action_time": "2020-06-27T16:48:56.534Z", "user": 1, "content_type": 8, "object_id": "3", "object_repr": "Udvari Szabolcs", "action_flag": 3, "change_message": ""}}, {"model": "admin.logentry", "pk": 5, "fields": {"action_time": "2020-06-27T16:50:10.015Z", "user": 1, "content_type": 7, "object_id": "2", "object_repr": "2020-06-27 - Udvari Szabolcs", "action_flag": 3, "change_message": ""}}, {"model": "admin.logentry", "pk": 6, "fields": {"action_time": "2020-06-27T16:50:17.656Z", "user": 1, "content_type": 8, "object_id": "4", "object_repr": "Udvari Szabolcs", "action_flag": 3, "change_message": ""}}, {"model": "admin.logentry", "pk": 7, "fields": {"action_time": "2020-06-28T08:04:21.634Z", "user": 1, "content_type": 9, "object_id": "1", "object_repr": "MFE475", "action_flag": 1, "change_message": "[{\"added\": {}}]"}}, {"model": "admin.logentry", "pk": 8, "fields": {"action_time": "2020-06-28T09:50:27.082Z", "user": 1, "content_type": 8, "object_id": "5", "object_repr": "Udvari Szabolcs", "action_flag": 2, "change_message": "[{\"changed\": {\"fields\": [\"Reg date\"]}}]"}}, {"model": "admin.logentry", "pk": 9, "fields": {"action_time": "2020-06-28T12:10:13.206Z", "user": 1, "content_type": 4, "object_id": "2", "object_repr": "zadayannyv", "action_flag": 1, "change_message": "[{\"added\": {}}]"}}, {"model": "admin.logentry", "pk": 10, "fields": {"action_time": "2020-06-28T12:10:32.051Z", "user": 1, "content_type": 4, "object_id": "2", "object_repr": "zadayannyv", "action_flag": 2, "change_message": "[{\"changed\": {\"fields\": [\"User permissions\"]}}]"}}, {"model": "admin.logentry", "pk": 11, "fields": {"action_time": "2020-06-28T12:10:59.567Z", "user": 1, "content_type": 4, "object_id": "2", "object_repr": "zadayannyv", "action_flag": 2, "change_message": "[{\"changed\": {\"fields\": [\"Email address\"]}}]"}}, {"model": "admin.logentry", "pk": 12, "fields": {"action_time": "2020-06-29T17:35:42.557Z", "user": 1, "content_type": 7, "object_id": "3", "object_repr": "2020-05-31 - Udvari Szabolcs", "action_flag": 3, "change_message": ""}}, {"model": "admin.logentry", "pk": 13, "fields": {"action_time": "2020-06-29T17:35:42.584Z", "user": 1, "content_type": 7, "object_id": "2", "object_repr": "2020-06-26 - Udvari Szabolcs", "action_flag": 3, "change_message": ""}}, {"model": "admin.logentry", "pk": 14, "fields": {"action_time": "2020-06-29T17:35:42.609Z", "user": 1, "content_type": 7, "object_id": "1", "object_repr": "2020-06-27 - Udvari Szabolcs", "action_flag": 3, "change_message": ""}}, {"model": "admin.logentry", "pk": 15, "fields": {"action_time": "2020-06-30T09:29:49.742Z", "user": 1, "content_type": 4, "object_id": "2", "object_repr": "zadayannyv", "action_flag": 2, "change_message": "[{\"changed\": {\"fields\": [\"Staff status\", \"Superuser status\"]}}]"}}, {"model": "admin.logentry", "pk": 16, "fields": {"action_time": "2020-06-30T19:14:43.725Z", "user": 1, "content_type": 7, "object_id": "49", "object_repr": "2020-06-26 - Szab\u00f3 Bal\u00e1zs - E", "action_flag": 2, "change_message": "[{\"changed\": {\"fields\": [\"Szolg\\u00e1latot ell\\u00e1t\\u00f3 szem\\u00e9ly\"]}}]"}}, {"model": "admin.logentry", "pk": 17, "fields": {"action_time": "2020-07-01T15:15:58.483Z", "user": 1, "content_type": 4, "object_id": "3", "object_repr": "webariel", "action_flag": 1, "change_message": "[{\"added\": {}}]"}}, {"model": "admin.logentry", "pk": 18, "fields": {"action_time": "2020-07-01T18:38:08.811Z", "user": 1, "content_type": 7, "object_id": "56", "object_repr": "2020-07-01 - Udvari Szabolcs - R", "action_flag": 3, "change_message": ""}}, {"model": "admin.logentry", "pk": 19, "fields": {"action_time": "2020-07-01T18:38:08.843Z", "user": 1, "content_type": 7, "object_id": "55", "object_repr": "2020-07-01 - Udvari Szabolcs - O", "action_flag": 3, "change_message": ""}}, {"model": "admin.logentry", "pk": 20, "fields": {"action_time": "2020-07-02T13:21:33.758Z", "user": 1, "content_type": 7, "object_id": "20", "object_repr": "2020-06-08 - Udvari Szabolcs - E", "action_flag": 2, "change_message": "[{\"changed\": {\"fields\": [\"Rendsz\\u00e1m\"]}}]"}}, {"model": "admin.logentry", "pk": 21, "fields": {"action_time": "2020-07-03T17:49:46.730Z", "user": 1, "content_type": 8, "object_id": "8", "object_repr": "Gy\u00f6rgy Nikolett", "action_flag": 2, "change_message": "[{\"changed\": {\"fields\": [\"Keresztn\\u00e9v\"]}}]"}}]