[{"model": "time_sheet.member", "pk": 5, "fields": {"last_name": "Udvari", "first_name": "Szabolcs", "id_number": "P00461590", "pmpsz_number": "249", "young": false, "dog": true, "motor": false, "reg_date": "2010-06-28T09:22:27Z", "active": true}}, {"model": "time_sheet.member", "pk": 6, "fields": {"last_name": "Szab\u00f3", "first_name": "Bal\u00e1zs", "id_number": "P00663187", "pmpsz_number": "290", "young": false, "dog": true, "motor": false, "reg_date": "2020-06-29T17:30:33.782Z", "active": true}}, {"model": "time_sheet.member", "pk": 7, "fields": {"last_name": "Kondr\u00e1cs", "first_name": "J\u00e1nos", "id_number": "P00322834", "pmpsz_number": "1235", "young": false, "dog": false, "motor": false, "reg_date": "2020-06-29T17:30:56.919Z", "active": true}}, {"model": "time_sheet.member", "pk": 8, "fields": {"last_name": "Gy\u00f6rgy", "first_name": "Nikolett", "id_number": "P00663179", "pmpsz_number": "1025", "young": false, "dog": true, "motor": false, "reg_date": "2020-06-29T17:31:16Z", "active": true}}, {"model": "time_sheet.member", "pk": 9, "fields": {"last_name": "Kondr\u00e1cs", "first_name": "\u00c9va", "id_number": null, "pmpsz_number": null, "young": false, "dog": false, "motor": false, "reg_date": "2020-06-29T17:31:29.154Z", "active": true}}, {"model": "time_sheet.member", "pk": 10, "fields": {"last_name": "Nagy", "first_name": "Gyula", "id_number": "P00322867", "pmpsz_number": "198", "young": false, "dog": false, "motor": false, "reg_date": "2020-06-29T17:31:50.314Z", "active": true}}, {"model": "time_sheet.member", "pk": 11, "fields": {"last_name": "Osv\u00e1th", "first_name": "Zsolt", "id_number": "P00452607", "pmpsz_number": "1161", "young": false, "dog": false, "motor": false, "reg_date": "2020-06-29T17:32:28.610Z", "active": true}}, {"model": "time_sheet.member", "pk": 12, "fields": {"last_name": "P\u00e1llai", "first_name": "Tam\u00e1s", "id_number": null, "pmpsz_number": null, "young": false, "dog": false, "motor": false, "reg_date": "2020-06-29T17:32:38.709Z", "active": true}}, {"model": "time_sheet.member", "pk": 13, "fields": {"last_name": "Popovics", "first_name": "L\u0151rinc", "id_number": "P00502534", "pmpsz_number": "1236", "young": false, "dog": false, "motor": false, "reg_date": "2020-06-29T17:33:02.375Z", "active": true}}, {"model": "time_sheet.member", "pk": 14, "fields": {"last_name": "Ruzsenszki", "first_name": "Ferenc", "id_number": null, "pmpsz_number": null, "young": false, "dog": false, "motor": false, "reg_date": "2020-06-29T17:33:17.150Z", "active": true}}, {"model": "time_sheet.member", "pk": 15, "fields": {"last_name": "Ruzsenszki", "first_name": "P\u00e9ter", "id_number": null, "pmpsz_number": null, "young": false, "dog": false, "motor": false, "reg_date": "2020-06-29T17:33:25.358Z", "active": true}}, {"model": "time_sheet.member", "pk": 16, "fields": {"last_name": "Varga", "first_name": "Zsolt", "id_number": null, "pmpsz_number": "918", "young": false, "dog": false, "motor": false, "reg_date": "2020-06-29T17:33:38.832Z", "active": true}}, {"model": "time_sheet.member", "pk": 17, "fields": {"last_name": "B\u00e1nfi", "first_name": "R\u00f3bert", "id_number": "P007277743", "pmpsz_number": "1650", "young": false, "dog": false, "motor": false, "reg_date": "2020-06-29T17:34:01.146Z", "active": true}}, {"model": "time_sheet.member", "pk": 18, "fields": {"last_name": "P\u00e1llai", "first_name": "Bence", "id_number": "IF00023895", "pmpsz_number": "1651", "young": true, "dog": false, "motor": false, "reg_date": "2020-06-29T17:34:19.960Z", "active": true}}, {"model": "time_sheet.member", "pk": 19, "fields": {"last_name": "Horv\u00e1th", "first_name": "Zsolt", "id_number": null, "pmpsz_number": null, "young": false, "dog": false, "motor": false, "reg_date": "2020-06-29T17:34:31.647Z", "active": true}}, {"model": "time_sheet.member", "pk": 20, "fields": {"last_name": "Eff", "first_name": "S\u00e1ndor", "id_number": null, "pmpsz_number": null, "young": false, "dog": false, "motor": false, "reg_date": "2020-06-29T17:34:38.520Z", "active": true}}, {"model": "time_sheet.member", "pk": 21, "fields": {"last_name": "K\u00e1sler", "first_name": "J\u00f3zsef", "id_number": null, "pmpsz_number": null, "young": false, "dog": true, "motor": false, "reg_date": "2020-06-29T17:34:55.059Z", "active": true}}, {"model": "time_sheet.member", "pk": 22, "fields": {"last_name": "Udvari-S\u00e1r\u00e1nszky", "first_name": "Eszter", "id_number": null, "pmpsz_number": "2318", "young": false, "dog": false, "motor": false, "reg_date": "2020-06-29T17:35:09.931Z", "active": true}}, {"model": "time_sheet.duty", "pk": 4, "fields": {"member": 6, "duty_type": "O", "date": "2020-06-01", "hours": 3, "commander": true, "kms": 64, "plate": 2, "help": 0, "retention": false, "caught": false, "missing": false, "signal": false, "other": false}}, {"model": "time_sheet.duty", "pk": 5, "fields": {"member": 11, "duty_type": "O", "date": "2020-06-01", "hours": 3, "commander": false, "kms": 0, "plate": null, "help": 0, "retention": false, "caught": false, "missing": false, "signal": false, "other": false}}, {"model": "time_sheet.duty", "pk": 6, "fields": {"member": 5, "duty_type": "E", "date": "2020-06-02", "hours": 3, "commander": true, "kms": 20, "plate": 1, "help": 1, "retention": false, "caught": false, "missing": false, "signal": false, "other": false}}, {"model": "time_sheet.duty", "pk": 7, "fields": {"member": 6, "duty_type": "E", "date": "2020-06-02", "hours": 3, "commander": true, "kms": 46, "plate": 2, "help": 0, "retention": false, "caught": false, "missing": false, "signal": false, "other": false}}, {"model": "time_sheet.duty", "pk": 8, "fields": {"member": 5, "duty_type": "E", "date": "2020-06-03", "hours": 3, "commander": true, "kms": 20, "plate": 1, "help": 1, "retention": false, "caught": false, "missing": false, "signal": false, "other": false}}, {"model": "time_sheet.duty", "pk": 9, "fields": {"member": 6, "duty_type": "O", "date": "2020-06-03", "hours": 3, "commander": true, "kms": 40, "plate": 2, "help": 0, "retention": false, "caught": false, "missing": false, "signal": false, "other": false}}, {"model": "time_sheet.duty", "pk": 10, "fields": {"member": 5, "duty_type": "R", "date": "2020-06-04", "hours": 9, "commander": true, "kms": 32, "plate": 1, "help": 0, "retention": false, "caught": false, "missing": false, "signal": false, "other": false}}, {"model": "time_sheet.duty", "pk": 11, "fields": {"member": 6, "duty_type": "E", "date": "2020-06-04", "hours": 3, "commander": true, "kms": 54, "plate": 2, "help": 1, "retention": false, "caught": false, "missing": false, "signal": false, "other": false}}, {"model": "time_sheet.duty", "pk": 12, "fields": {"member": 5, "duty_type": "Re", "date": "2020-06-04", "hours": 3, "commander": false, "kms": 0, "plate": null, "help": 0, "retention": false, "caught": false, "missing": false, "signal": false, "other": false}}, {"model": "time_sheet.duty", "pk": 13, "fields": {"member": 6, "duty_type": "Re", "date": "2020-06-04", "hours": 3, "commander": false, "kms": 0, "plate": null, "help": 0, "retention": false, "caught": false, "missing": false, "signal": false, "other": false}}, {"model": "time_sheet.duty", "pk": 14, "fields": {"member": 5, "duty_type": "E", "date": "2020-06-05", "hours": 6, "commander": true, "kms": 29, "plate": 1, "help": 1, "retention": false, "caught": false, "missing": false, "signal": false, "other": false}}, {"model": "time_sheet.duty", "pk": 15, "fields": {"member": 6, "duty_type": "E", "date": "2020-06-05", "hours": 6, "commander": false, "kms": 62, "plate": 2, "help": 0, "retention": false, "caught": false, "missing": false, "signal": false, "other": false}}, {"model": "time_sheet.duty", "pk": 16, "fields": {"member": 8, "duty_type": "K", "date": "2020-06-07", "hours": 2, "commander": false, "kms": 0, "plate": null, "help": 0, "retention": false, "caught": false, "missing": false, "signal": false, "other": false}}, {"model": "time_sheet.duty", "pk": 17, "fields": {"member": 6, "duty_type": "K", "date": "2020-06-07", "hours": 2, "commander": false, "kms": 0, "plate": null, "help": 0, "retention": false, "caught": false, "missing": false, "signal": false, "other": false}}, {"model": "time_sheet.duty", "pk": 18, "fields": {"member": 20, "duty_type": "K", "date": "2020-06-07", "hours": 1, "commander": false, "kms": 0, "plate": null, "help": 0, "retention": false, "caught": false, "missing": false, "signal": false, "other": false}}, {"model": "time_sheet.duty", "pk": 19, "fields": {"member": 21, "duty_type": "K", "date": "2020-06-07", "hours": 1, "commander": false, "kms": 0, "plate": null, "help": 0, "retention": false, "caught": false, "missing": false, "signal": false, "other": false}}, {"model": "time_sheet.duty", "pk": 20, "fields": {"member": 5, "duty_type": "E", "date": "2020-06-08", "hours": 3, "commander": true, "kms": 26, "plate": 1, "help": 1, "retention": false, "caught": false, "missing": false, "signal": false, "other": false}}, {"model": "time_sheet.duty", "pk": 21, "fields": {"member": 6, "duty_type": "E", "date": "2020-06-08", "hours": 3, "commander": true, "kms": 50, "plate": 2, "help": 0, "retention": false, "caught": false, "missing": false, "signal": false, "other": false}}, {"model": "time_sheet.duty", "pk": 22, "fields": {"member": 22, "duty_type": "E", "date": "2020-06-10", "hours": 3, "commander": true, "kms": 20, "plate": 3, "help": 0, "retention": false, "caught": false, "missing": false, "signal": false, "other": false}}, {"model": "time_sheet.duty", "pk": 23, "fields": {"member": 5, "duty_type": "O", "date": "2020-06-09", "hours": 1, "commander": true, "kms": 2, "plate": 1, "help": 1, "retention": false, "caught": false, "missing": false, "signal": false, "other": false}}, {"model": "time_sheet.duty", "pk": 24, "fields": {"member": 5, "duty_type": "E", "date": "2020-06-09", "hours": 3, "commander": true, "kms": 20, "plate": 1, "help": 1, "retention": false, "caught": false, "missing": false, "signal": false, "other": false}}, {"model": "time_sheet.duty", "pk": 25, "fields": {"member": 6, "duty_type": "O", "date": "2020-06-09", "hours": 1, "commander": false, "kms": 0, "plate": null, "help": 0, "retention": false, "caught": false, "missing": false, "signal": false, "other": false}}, {"model": "time_sheet.duty", "pk": 26, "fields": {"member": 6, "duty_type": "E", "date": "2020-06-09", "hours": 3, "commander": true, "kms": 51, "plate": 2, "help": 0, "retention": false, "caught": false, "missing": false, "signal": false, "other": false}}, {"model": "time_sheet.duty", "pk": 27, "fields": {"member": 6, "duty_type": "E", "date": "2020-06-10", "hours": 3, "commander": true, "kms": 51, "plate": 2, "help": 1, "retention": false, "caught": false, "missing": false, "signal": false, "other": false}}, {"model": "time_sheet.duty", "pk": 28, "fields": {"member": 5, "duty_type": "E", "date": "2020-06-11", "hours": 3, "commander": true, "kms": 19, "plate": 1, "help": 1, "retention": false, "caught": false, "missing": false, "signal": false, "other": false}}, {"model": "time_sheet.duty", "pk": 29, "fields": {"member": 6, "duty_type": "E", "date": "2020-06-11", "hours": 3, "commander": true, "kms": 51, "plate": 2, "help": 0, "retention": false, "caught": false, "missing": false, "signal": false, "other": false}}, {"model": "time_sheet.duty", "pk": 30, "fields": {"member": 5, "duty_type": "O", "date": "2020-06-12", "hours": 7, "commander": true, "kms": 147, "plate": 1, "help": 0, "retention": false, "caught": false, "missing": false, "signal": false, "other": false}}, {"model": "time_sheet.duty", "pk": 31, "fields": {"member": 5, "duty_type": "E", "date": "2020-06-12", "hours": 3, "commander": true, "kms": 32, "plate": 1, "help": 1, "retention": false, "caught": false, "missing": false, "signal": false, "other": false}}, {"model": "time_sheet.duty", "pk": 32, "fields": {"member": 6, "duty_type": "O", "date": "2020-06-12", "hours": 7, "commander": false, "kms": 0, "plate": null, "help": 0, "retention": false, "caught": false, "missing": false, "signal": false, "other": false}}, {"model": "time_sheet.duty", "pk": 33, "fields": {"member": 6, "duty_type": "E", "date": "2020-06-12", "hours": 3, "commander": false, "kms": 0, "plate": null, "help": 0, "retention": false, "caught": false, "missing": false, "signal": false, "other": false}}, {"model": "time_sheet.duty", "pk": 34, "fields": {"member": 22, "duty_type": "E", "date": "2020-06-12", "hours": 3, "commander": true, "kms": 19, "plate": 3, "help": 0, "retention": false, "caught": false, "missing": false, "signal": false, "other": false}}, {"model": "time_sheet.duty", "pk": 35, "fields": {"member": 17, "duty_type": "O", "date": "2020-06-13", "hours": 6, "commander": false, "kms": 0, "plate": null, "help": 0, "retention": false, "caught": false, "missing": false, "signal": false, "other": false}}, {"model": "time_sheet.duty", "pk": 36, "fields": {"member": 6, "duty_type": "K", "date": "2020-06-14", "hours": 2, "commander": false, "kms": 0, "plate": null, "help": 0, "retention": false, "caught": false, "missing": false, "signal": false, "other": false}}, {"model": "time_sheet.duty", "pk": 37, "fields": {"member": 8, "duty_type": "K", "date": "2020-06-14", "hours": 2, "commander": false, "kms": 0, "plate": null, "help": 0, "retention": false, "caught": false, "missing": false, "signal": false, "other": false}}, {"model": "time_sheet.duty", "pk": 38, "fields": {"member": 20, "duty_type": "K", "date": "2020-06-14", "hours": 1, "commander": false, "kms": 0, "plate": null, "help": 0, "retention": false, "caught": false, "missing": false, "signal": false, "other": false}}, {"model": "time_sheet.duty", "pk": 39, "fields": {"member": 6, "duty_type": "E", "date": "2020-06-15", "hours": 3, "commander": true, "kms": 51, "plate": 2, "help": 1, "retention": false, "caught": false, "missing": false, "signal": false, "other": false}}, {"model": "time_sheet.duty", "pk": 40, "fields": {"member": 6, "duty_type": "K", "date": "2020-06-20", "hours": 2, "commander": false, "kms": 0, "plate": null, "help": 0, "retention": false, "caught": false, "missing": false, "signal": false, "other": false}}, {"model": "time_sheet.duty", "pk": 41, "fields": {"member": 8, "duty_type": "K", "date": "2020-06-20", "hours": 2, "commander": false, "kms": 0, "plate": null, "help": 0, "retention": false, "caught": false, "missing": false, "signal": false, "other": false}}, {"model": "time_sheet.duty", "pk": 42, "fields": {"member": 20, "duty_type": "K", "date": "2020-06-20", "hours": 1, "commander": false, "kms": 0, "plate": null, "help": 0, "retention": false, "caught": false, "missing": false, "signal": false, "other": false}}, {"model": "time_sheet.duty", "pk": 43, "fields": {"member": 21, "duty_type": "K", "date": "2020-06-20", "hours": 1, "commander": false, "kms": 0, "plate": null, "help": 0, "retention": false, "caught": false, "missing": false, "signal": false, "other": false}}, {"model": "time_sheet.duty", "pk": 44, "fields": {"member": 5, "duty_type": "K", "date": "2020-06-23", "hours": 5, "commander": true, "kms": 64, "plate": 1, "help": 0, "retention": false, "caught": false, "missing": false, "signal": false, "other": false}}, {"model": "time_sheet.duty", "pk": 45, "fields": {"member": 6, "duty_type": "K", "date": "2020-06-23", "hours": 5, "commander": true, "kms": 0, "plate": 2, "help": 0, "retention": false, "caught": false, "missing": false, "signal": false, "other": false}}, {"model": "time_sheet.duty", "pk": 46, "fields": {"member": 8, "duty_type": "K", "date": "2020-06-23", "hours": 5, "commander": false, "kms": 0, "plate": null, "help": 0, "retention": false, "caught": false, "missing": false, "signal": false, "other": false}}, {"model": "time_sheet.duty", "pk": 47, "fields": {"member": 19, "duty_type": "K", "date": "2020-06-23", "hours": 5, "commander": false, "kms": 0, "plate": null, "help": 0, "retention": false, "caught": false, "missing": false, "signal": false, "other": false}}, {"model": "time_sheet.duty", "pk": 48, "fields": {"member": 20, "duty_type": "K", "date": "2020-06-23", "hours": 5, "commander": false, "kms": 0, "plate": null, "help": 0, "retention": false, "caught": false, "missing": false, "signal": false, "other": false}}, {"model": "time_sheet.duty", "pk": 49, "fields": {"member": 6, "duty_type": "E", "date": "2020-06-26", "hours": 6, "commander": true, "kms": 0, "plate": 2, "help": 1, "retention": false, "caught": false, "missing": false, "signal": false, "other": false}}, {"model": "time_sheet.duty", "pk": 50, "fields": {"member": 16, "duty_type": "R", "date": "2020-06-27", "hours": 5, "commander": false, "kms": 0, "plate": null, "help": 0, "retention": false, "caught": false, "missing": false, "signal": false, "other": false}}, {"model": "time_sheet.duty", "pk": 51, "fields": {"member": 6, "duty_type": "K", "date": "2020-06-27", "hours": 2, "commander": false, "kms": 0, "plate": null, "help": 0, "retention": false, "caught": false, "missing": false, "signal": false, "other": false}}, {"model": "time_sheet.duty", "pk": 52, "fields": {"member": 8, "duty_type": "K", "date": "2020-06-27", "hours": 2, "commander": false, "kms": 0, "plate": null, "help": 0, "retention": false, "caught": false, "missing": false, "signal": false, "other": false}}, {"model": "time_sheet.duty", "pk": 53, "fields": {"member": 20, "duty_type": "K", "date": "2020-06-27", "hours": 1, "commander": false, "kms": 0, "plate": null, "help": 0, "retention": false, "caught": false, "missing": false, "signal": false, "other": false}}, {"model": "time_sheet.duty", "pk": 54, "fields": {"member": 21, "duty_type": "K", "date": "2020-06-27", "hours": 1, "commander": false, "kms": 0, "plate": null, "help": 0, "retention": false, "caught": false, "missing": false, "signal": false, "other": false}}, {"model": "time_sheet.car", "pk": 1, "fields": {"car_type": "Skoda Fabia", "car_plate": "MFE475", "fuel_type": "B", "ccm": 1197, "owner": "Hegy\u0151rs\u00e9g T\u00f6r\u00f6kb\u00e1lint Polg\u00e1r\u0151r Egyes\u00fclet", "color": "feh\u00e9r", "stripped": true}}, {"model": "time_sheet.car", "pk": 2, "fields": {"car_type": "Citroen Berlingo", "car_plate": "LAF201", "fuel_type": "D", "ccm": 1997, "owner": "T\u00f6r\u00f6kb\u00e1linti Kutyaiskola Sport Egyes\u00fclet", "color": "feh\u00e9r", "stripped": true}}, {"model": "time_sheet.car", "pk": 3, "fields": {"car_type": "Suzuki Ignis", "car_plate": "JFK154", "fuel_type": "B", "ccm": 1328, "owner": "S\u00e1r\u00e1nszky Eszter", "color": "k\u00e9k", "stripped": false}}]